ratios,Find Throughput,Find n_operations,Insert throughput,insert n_operations,Find Throughput,Find n_operations,Insert throughput,insert n_operations
"['75_50_', 6272.313, 102023, 9737.177, 85608261, 12548.035, 128426, 6481.8279999999995, 57176374]","['75_25_', 6268.289, 149123, 9740.594000000001, 85492162, 18826.726, 158574, 3244.385, 28529020]","['25_50_', 18820.114999999998, 208770, 3235.654, 28463339, 12535.966, 351710, 6473.754, 56973446]","['75_75_', 6272.354, 92164, 9751.807, 85622569, 6269.007, 129153, 9740.936, 85753965]","['25_25_', 18816.307, 264694, 3230.696, 28355962, 18808.53, 425251, 3226.158, 28401255]","['50_75_', 12546.310000000001, 143652, 6490.064, 57126050, 6271.816, 89997, 9728.348, 85778715]","['50_25_', 12533.268, 366398, 6473.848, 56976082, 18822.739, 197582, 3238.054, 28507189]","['75_100_', 6271.986, 106711, 9757.76, 85659593, 0, 0, 12995.034, 114416940]","['0_25_', 26076.23, 1255, 0, 0, 18553.183, 680272, 3177.588, 30389242]","['25_75_', 18825.788999999997, 153018, 3244.695, 28517841, 6267.28, 166389, 9719.431, 85664387]","['25_0_', 18570.510000000002, 694886, 3167.235, 30445049, 26154.771, 10365, 0, 0]","['100_25_', 0, 0, 12993.23, 114188209, 18826.699, 114172, 3244.255, 28590999]","['100_50_', 0, 0, 12994.212, 114240433, 12544.648, 157077, 6495.171, 57159916]","['50_100_', 12548.433, 134232, 6495.392, 57142598, 0, 0, 12985.293, 114451378]","['0_0_', 3334.154, 210998900, 0, 0, 3333.541, 211025133, 0, 0]","['0_100_', 27606.79, 1190, 0, 0, 0, 0, 12569.469000000001, 120100570]","['75_0_', 6102.458, 216843, 9342.251, 91793030, 27336.819, 394, 0, 0]","['100_0_', 0, 0, 12437.803, 119394605, 28338.747, 543, 0, 0]","['50_0_', 12476.199, 443600, 6377.079, 62885714, 26632.042, 717, 0, 0]","['0_75_', 27724.684999999998, 383, 0, 0, 6071.082, 213066, 9317.108, 90341793]","['100_75_', 0, 0, 13003.954999999998, 114285394, 6271.675, 96032, 9737.168999999998, 85810347]","['25_100_', 18828.745000000003, 111984, 3242.166, 28537251, 0, 0, 12978.197, 114523393]","['50_50_', 12543.11, 205773, 6486.058999999999, 57044000, 12541.219000000001, 234370, 6481.607, 57094286]","['0_50_', 27029.265, 816, 0, 0, 12215.596000000001, 431866, 6275.143, 61255401]"
